{
    "accuracy": 0.641912512716175,
    "precision": 0.5693069306930693,
    "recall_score": 0.3026315789473684,
    "f1_score": 0.3951890034364261
}